imageid,name,mobile
zoyafarooqui.png,Zoya Farooqui,9000000127
harshrathod.png,Harsh Rathod,9000000040
waseemazam.png,Waseem Azam,9000000174
irfanqureshi.png,Irfan Qureshi,9000000208
dikshagoel.png,Diksha Goel,9000000078
samarraj.png,Samar Raj,9000000218
sameerprasad.png,Sameer Prasad,9000000032
leenabasu.png,Leena Basu,9000000049
saurabhpurohit.png,Saurabh Purohit,9000000146
hetalanand.png,Hetal Anand,9000000135
amanbedi.png,Aman Bedi,9000000128
rohitsinha.png,Rohit Sinha,9000000006
elsasamuel.png,Elsa Samuel,9000000180
nitingupta.png,Nitin Gupta,9000000213
divyabhatt.png,Divya Bhatt,9000000029
qasimsiddiqui.png,Qasim Siddiqui,9000000216
vidyacherian.png,Vidya Cherian,9000000045
charumalhotra.png,Charu Malhotra,9000000023
mohitkapoor.png,Mohit Kapoor,9000000012
kunaljindal.png,Kunal Jindal,9000000058
deeptinair.png,Deepti Nair,9000000131
surajwadhwa.png,Suraj Wadhwa,9000000060
vikrantrao.png,Vikrant Rao,9000000197
shreyagupta.png,Shreya Gupta,9000000011
idrishussain.png,Idris Hussain,9000000184
bhavnamehta.png,Bhavna Mehta,9000000129
himanijindal.png,Himani Jindal,9000000159
sakshisaini.png,Sakshi Saini,9000000087
udayraval.png,Uday Raval,9000000148
geetayadav.png,Geeta Yadav,9000000182
kavyajoshi.png,Kavya Joshi,9000000007
qasimrasheed.png,Qasim Rasheed,9000000192
garimaluthra.png,Garima Luthra,9000000206
jayarani.png,Jaya Rani,9000000185
winnieteotia.png,Winnie Teotia,9000000150
qadirgani.png,Qadir Gani,9000000168
namratakhandelwal.png,Namrata Khandelwal,9000000051
yashtiwari.png,Yash Tiwari,9000000106
prateekbhaskar.png,Prateek Bhaskar,9000000075
devsuresh.png,Dev Suresh,9000000066
heershah.png,Heer Shah,9000000207
malinijoshi.png,Malini Joshi,9000000164
rohinichandra.png,Rohini Chandra,9000000072
niveditawagle.png,Nivedita Wagle,9000000095
yoginiparekh.png,Yogini Parekh,9000000199
nitunarang.png,Nitu Narang,9000000117
nandandev.png,Nandan Dev,9000000165
tanyakaur.png,Tanya Kaur,9000000035
chaitanyaupreti.png,Chaitanya Upreti,9000000154
arjuniyer.png,Arjun Iyer,9000000028
ekanshvohra.png,Ekansh Vohra,9000000156
navyamahajan.png,Navya Mahajan,9000000141
priyasingh.png,Priya Singh,9000000001
gopalbhatia.png,Gopal Bhatia,9000000134
lakshyabhati.png,Lakshya Bhati,9000000211
jasleenkaur.png,Jasleen Kaur,9000000209
kritikabhasin.png,Kritika Bhasin,9000000210
bhumiagrawal.png,Bhumi Agrawal,9000000153
krishnadev.png,Krishna Dev,9000000186
snehakumar.png,Sneha Kumar,9000000003
pallavisharma.png,Pallavi Sharma,9000000071
umarani.png,Uma Rani,9000000196
naveenghosh.png,Naveen Ghosh,9000000026
hemantsolanki.png,Hemant Solanki,9000000046
mukulkohli.png,Mukul Kohli,9000000068
deepakverma.png,Deepak Verma,9000000008
jayavyas.png,Jaya Vyas,9000000021
vasudhabhate.png,Vasudha Bhate,9000000105
preetichoudhary.png,Preeti Choudhary,9000000013
lokeshgrover.png,Lokesh Grover,9000000163
ravinagupta.png,Ravina Gupta,9000000217
triptikhandelwal.png,Tripti Khandelwal,9000000219
rahulpatel.png,Rahul Patel,9000000002
poornimamenon.png,Poornima Menon,9000000167
eshasuri.png,Esha Suri,9000000109
eshitaarora.png,Eshita Arora,9000000204
prernapatel.png,Prerna Patel,9000000215
kiranabrol.png,Kiran Abrol,9000000114
friendsisethi.png,Friendsi Sethi,9000000181
nikitapuri.png,Nikita Puri,9000000033
shyamsaran.png,Shyam Saran,9000000084
varshajagtap.png,Varsha Jagtap,9000000125
gehnaarora.png,Gehna Arora,9000000158
dineshgrover.png,Dinesh Grover,9000000034
sureshreddy.png,Suresh Reddy,9000000014
manojsingh.png,Manoj Singh,9000000188
umeshtiwari.png,Umesh Tiwari,9000000172
quamaralam.png,Quamar Alam,9000000120
abhishekpillai.png,Abhishek Pillai,9000000070
payaldesai.png,Payal Desai,9000000025
nadialakra.png,Nadia Lakra,9000000189
santoshkundra.png,Santosh Kundra,9000000104
yaminidutta.png,Yamini Dutta,9000000151
omsharma.png,Om Sharma,9000000166
neharana.png,Neha Rana,9000000019
jyotiseth.png,Jyoti Seth,9000000043
williamdsouza.png,William Dsouza,9000000222
qureshkotwal.png,Quresh Kotwal,9000000144
sandhyamadaan.png,Sandhya Madaan,9000000091
aryanchadda.png,Aryan Chadda,9000000200
sheetalkukreja.png,Sheetal Kukreja,9000000093
vinaybhasin.png,Vinay Bhasin,9000000149
manishagarwal.png,Manish Agarwal,9000000004
yogeshchouhan.png,Yogesh Chouhan,9000000223
yashikasethi.png,Yashika Sethi,9000000175
vivekchhabra.png,Vivek Chhabra,9000000050
pankhurimathur.png,Pankhuri Mathur,9000000119
ektarastogi.png,Ekta Rastogi,9000000076
lakshyarawal.png,Lakshya Rawal,9000000044
omkarsawant.png,Omkar Sawant,9000000190
saumyajaiswal.png,Saumya Jaiswal,9000000194
imransayed.png,Imran Sayed,9000000112
lavinafernandes.png,Lavina Fernandes,9000000139
amitsharma.png,Amit Sharma,9000000000
girishchandran.png,Girish Chandran,9000000110
meghnabalani.png,Meghna Balani,9000000212
vishwashah.png,Vishwa Shah,9000000173
lakshmikumar.png,Lakshmi Kumar,9000000187
jagrutidave.png,Jagruti Dave,9000000161
ajayshetty.png,Ajay Shetty,9000000030
ojaswinichand.png,Ojaswini Chand,9000000142
rakhinegi.png,Rakhi Negi,9000000169
poornimabhandari.png,Poornima Bhandari,9000000143
ritujain.png,Ritu Jain,9000000009
urvashimadan.png,Urvashi Madan,9000000089
srishtimenon.png,Srishti Menon,9000000053
faizansheikh.png,Faizan Sheikh,9000000205
balramsen.png,Balram Sen,9000000092
ayeshadey.png,Ayesha Dey,9000000041
ashwinrao.png,Ashwin Rao,9000000022
rekhasrivastava.png,Rekha Srivastava,9000000069
prernarathi.png,Prerna Rathi,9000000191
puneetsaxena.png,Puneet Saxena,9000000042
shrutidubey.png,Shruti Dubey,9000000017
anshikaanand.png,Anshika Anand,9000000224
ankitasethi.png,Ankita Sethi,9000000107
rajatanand.png,Rajat Anand,9000000062
disharawat.png,Disha Rawat,9000000080
ojasrawal.png,Ojas Rawal,9000000214
mehulkamat.png,Mehul Kamat,9000000116
nainachawla.png,Naina Chawla,9000000055
sandeepsandhu.png,Sandeep Sandhu,9000000098
tarikasingh.png,Tarika Singh,9000000171
stutijha.png,Stuti Jha,9000000101
chiragjha.png,Chirag Jha,9000000130
utkarshchavan.png,Utkarsh Chavan,9000000124
rajeevmittal.png,Rajeev Mittal,9000000038
charanpreetkaur.png,Charanpreet Kaur,9000000178
atulbanerjee.png,Atul Banerjee,9000000054
harshadev.png,Harsha Dev,9000000183
isharoy.png,Isha Roy,9000000031
varnikarao.png,Varnika Rao,9000000221
sumitjoshi.png,Sumit Joshi,9000000056
neetumishra.png,Neetu Mishra,9000000065
mayankdas.png,Mayank Das,9000000020
warrencoutinho.png,Warren Coutinho,9000000198
gargishelar.png,Gargi Shelar,9000000067
shalinishukla.png,Shalini Shukla,9000000085
lavanyarao.png,Lavanya Rao,9000000061
madhurbansal.png,Madhur Bansal,9000000140
vikramshah.png,Vikram Shah,9000000010
kishorehedge.png,Kishore Hedge,9000000090
anjalimehra.png,Anjali Mehra,9000000005
rakeshtyagi.png,Rakesh Tyagi,9000000036
suhanisehgal.png,Suhani Sehgal,9000000063
jasminekaur.png,Jasmine Kaur,9000000113
heenapurohit.png,Heena Purohit,9000000111
nitindoria.png,Nitin Doria,9000000079
trishagogia.png,Trisha Gogia,9000000147
kanaksinha.png,Kanak Sinha,9000000083
kanikalahiri.png,Kanika Lahiri,9000000074
tarunkalra.png,Tarun Kalra,9000000052
chetangodara.png,Chetan Godara,9000000202
aparnapai.png,Aparna Pai,9000000103
kanchandey.png,Kanchan Dey,9000000162
inderjitsingh.png,Inderjit Singh,9000000136
dharinisinghal.png,Dharini Singhal,9000000155
sanjaylokhande.png,Sanjay Lokhande,9000000082
anilchawla.png,Anil Chawla,9000000176
deepakarnik.png,Deepa Karnik,9000000081
monatiwari.png,Mona Tiwari,9000000037
tushargill.png,Tushar Gill,9000000195
ajithdev.png,Ajith Dev,9000000152
bharathmenon.png,Bharath Menon,9000000108
soniamistry.png,Sonia Mistry,9000000039
rajshekhawat.png,Raj Shekhawat,9000000077
shivampuri.png,Shivam Puri,9000000122
siddharthvora.png,Siddharth Vora,9000000073
arvinddutta.png,Arvind Dutta,9000000086
tejasshinde.png,Tejas Shinde,9000000088
dollyahuja.png,Dolly Ahuja,9000000179
alokparekh.png,Alok Parekh,9000000064
wasimrahman.png,Wasim Rahman,9000000126
bhartitaneja.png,Bharti Taneja,9000000177
prashantkohli.png,Prashant Kohli,9000000100
fardeenshahid.png,Fardeen Shahid,9000000157
rameshkoshy.png,Ramesh Koshy,9000000096
eshanchaudhary.png,Eshan Chaudhary,9000000132
latadey.png,Lata Dey,9000000115
suniltripathi.png,Sunil Tripathi,9000000016
shravanpillai.png,Shravan Pillai,9000000170
simranrathi.png,Simran Rathi,9000000047
seemapillai.png,Seema Pillai,9000000027
ujjwalrajput.png,Ujjwal Rajput,9000000220
binamehra.png,Bina Mehra,9000000201
gauravpaul.png,Gaurav Paul,9000000048
kalpeshrane.png,Kalpesh Rane,9000000138
meerabansal.png,Meera Bansal,9000000015
falgunipatel.png,Falguni Patel,9000000133
amarroy.png,Amar Roy,9000000102
divyanshubansal.png,Divyanshu Bansal,9000000203
rambhasridhar.png,Rambha Sridhar,9000000121
harinimenon.png,Harini Menon,9000000059
indiradash.png,Indira Dash,9000000160
karannair.png,Karan Nair,9000000024
rohinikher.png,Rohini Kher,9000000145
omprakashreddy.png,Omprakash Reddy,9000000118
meenaljain.png,Meenal Jain,9000000099
romasuri.png,Roma Suri,9000000193
tanvisheth.png,Tanvi Sheth,9000000123
juhisharma.png,Juhi Sharma,9000000137
anilyadav.png,Anil Yadav,9000000018
daminichauhan.png,Damini Chauhan,9000000057
bharatpanwar.png,Bharat Panwar,9000000094
archanajairath.png,Archana Jairath,9000000097
yajatpathak.png,Yajat Pathak,9000000366
qudratdua.png,Qudrat Dua,9000000264
nandanmurthy.png,Nandan Murthy,9000000379
faizshaan.png,Faiz Shaan,9000000419
jiteshkapoor.png,Jitesh Kapoor,9000000305
qaeedshah.png,Qaeed Shah,9000000312
latapatel.png,Lata Patel,9000000355
brijeshgoel.png,Brijesh Goel,9000000249
qamarsiddique.png,Qamar Siddique,9000000382
mukulmathur.png,Mukul Mathur,9000000260
eshaadpurohit.png,Eshaad Purohit,9000000394
binitadeswal.png,Binita Deswal,9000000439
fionarana.png,Fiona Rana,9000000443
samarthbindal.png,Samarth Bindal,9000000432
ivanadeora.png,Ivana Deora,9000000256
ganeshjadhav.png,Ganesh Jadhav,9000000350
tanayagarwal.png,Tanay Agarwal,9000000362
gitesharvind.png,Gitesh Arvind,9000000444
jheelpatel.png,Jheel Patel,9000000423
omarkhan.png,Omar Khan,9000000310
ishitadhanraj.png,Ishita Dhanraj,9000000398
tanveejaisinghani.png,Tanvee Jaisinghani,9000000409
urvidave.png,Urvi Dave,9000000363
yusufbaig.png,Yusuf Baig,9000000319
ginnibhasin.png,Ginni Bhasin,9000000396
govindverma.png, Govind Verma,9000000278
hansarawal.png,Hansa Rawal,9000000303
waleedkhan.png,Waleed Khan,9000000436
gowriganesh.png,Gowri Ganesh,9000000420
ishitananda.png,Ishita Nanda,9000000304
eeshajain.png,Eesha Jain,9000000276
ehaabhusain.png,Ehaab Husain,9000000442
shubhambasu.png,Shubham Basu,9000000242
junalgala.png,Junal Gala,9000000329
laveenasehrawat.png,Laveena Sehrawat,9000000425
baaniarora.png,Baani Arora,9000000321
ishaanpandey.png,Ishaan Pandey,9000000280
divakarsahu.png,Divakar Sahu,9000000369
chandankumar.png,Chandan Kumar,9000000226
eshaanjha.png,Eshaan Jha,9000000348
bhavnagogia.png,Bhavna Gogia,9000000273
wendydsouza.png,Wendy Dsouza,9000000318
kirtisanghvi.png,Kirti Sanghvi,9000000354
chandnibhatt.png,Chandni Bhatt,9000000346
ujjainidubey.png,Ujjaini Dubey,9000000434
varunkher.png,Varun Kher,9000000364
rachnadubey.png,Rachna Dubey,9000000313
chitrajain.png,Chitra Jain,9000000250
sachinbansal.png,Sachin Bansal,9000000314
divyachhabra.png,Divya Chhabra,9000000227
anamikagoel.png,Anamika Goel,9000000344
neeravsabharwal.png,Neerav Sabharwal,9000000403
elishanaidu.png,Elisha Naidu,9000000418
gurugod.png,guru god,9000000448
vatsalshah.png,Vatsal Shah,9000000293
chetnadutta.png,Chetna Dutta,9000000274
omprakash.png,Om Prakash,9000000262
farhanshaikh.png,Farhan Shaikh,9000000229
usharao.png,Usha Rao,9000000268
sarthakbedi.png,Sarthak Bedi,9000000408
meenalkapoor.png,Meenal Kapoor,9000000236
navinjain.png,Navin Jain,9000000285
gayatriramaswamy.png,Gayatri Ramaswamy,9000000372
vinitadey.png,Vinita Dey,9000000341
piapanwar.png,Pia Panwar,9000000429
ushapathak.png,Usha Pathak,9000000292
harpreetkaur.png,Harpreet Kaur,9000000231
nandinirane.png,Nandini Rane,9000000237
madhavijoshi.png,Madhavi Joshi,9000000378
brijlal.png,Brij Lal,9000000345
jigneshmalhotra.png,Jignesh Malhotra,9000000257
mihirbutala.png,Mihir Butala,9000000426
ridhimakaur.png,Ridhima Kaur,9000000407
tinasaxena.png,Tina Saxena,9000000243
faridasiddiqui.png,Farida Siddiqui,9000000371
qaisamirza.png,Qaisa Mirza,9000000430
ilaawasthi.png,Ila Awasthi,9000000232
omanaghosh.png,Omana Ghosh,9000000358
vrindahegde.png,Vrinda Hegde,9000000387
aasthabhandari.png,Aastha Bhandari,9000000296
lakshmimodi.png,Lakshmi Modi,9000000283
anujakambli.png,Anuja Kambli,9000000414
kirtiagarwal.png,Kirti Agarwal,9000000234
niharikadesai.png,Niharika Desai,9000000333
hrithiksuri.png,Hrithik Suri,9000000373
warissiddiqui.png,Waris Siddiqui,9000000342
parulsethi.png,Parul Sethi,9000000335
harshalpandya.png,Harshal Pandya,9000000327
wasimshaikh.png,Wasim Shaikh,9000000270
jayshreemishra.png,Jayshree Mishra,9000000353
pavitrachauhan.png,Pavitra Chauhan,9000000263
niyatichandra.png,Niyati Chandra,9000000427
deepaksingh.png,Deepak Singh,9000000275
dhruvsehgal.png,Dhruv Sehgal,9000000251
inayabakshi.png,Inaya Bakshi,9000000374
yaminilaxmi.png,Yamini Laxmi,9000000343
pritishsengar.png,Pritish Sengar,9000000381
tulikarathi.png,Tulika Rathi,9000000385
onkarpawar.png,Onkar Pawar,9000000334
mitaliarora.png,Mitali Arora,9000000332
bhargavpatel.png,Bhargav Patel,9000000225
prabhasital.png,Prabha Sital,9000000405
tarabhatt.png,Tara Bhatt,9000000291
kartiksuri.png,Kartik Suri,9000000306
khushalibhat.png,Khushali Bhat,9000000400
maahibhalla.png,Maahi Bhalla,9000000402
lipikasingh.png,Lipika Singh,9000000307
udayveerrana.png,Udayveer Rana,9000000316
hardikakelkar.png,Hardika Kelkar,9000000445
vaibhavmehra.png,Vaibhav Mehra,9000000245
komalkhanna.png,Komal Khanna,9000000330
vishnupillai.png,Vishnu Pillai,9000000411
ipsitaraj.png,Ipsita Raj,9000000328
waseemkhan.png,Waseem Khan,9000000365
lakshitchahal.png,Lakshit Chahal,9000000401
himanshukapur.png,Himanshu Kapur,9000000255
puneetdeshmukh.png,Puneet Deshmukh,9000000359
umamahajan.png,Uma Mahajan,9000000244
aksharanaik.png,Akshara Naik,9000000367
arhammehta.png,Arham Mehta,9000000438
chanchaldixit.png,Chanchal Dixit,9000000392
rajatnair.png,Rajat Nair,9000000289
firdoskhan.png,Firdos Khan,9000000301
utkarshaawasthi.png,Utkarsha Awasthi,9000000340
chirantandhawan.png,Chirantan Dhawan,9000000322
kiranbatra.png,Kiran Batra,9000000282
dhyaansheth.png,Dhyaan Sheth,9000000393
manvitiwari.png,Manvi Tiwari,9000000284
prachisaxena.png,Prachi Saxena,9000000287
yashmeetsangwan.png,Yashmeet Sangwan,9000000413
aaravchhabra.png,Aarav Chhabra,9000000320
nikitatrivedi.png,Nikita Trivedi,9000000261
faisalnisar.png,Faisal Nisar,9000000349
quasarsahu.png,Quasar Sahu,9000000288
sonambansal.png,Sonam Bansal,9000000338
yuvrajpandit.png,Yuvraj Pandit,9000000247
omishamehta.png,Omisha Mehta,9000000286
dishabharadwaj.png,Disha Bharadwaj,9000000323
lekharaj.png,Lekha Raj,9000000331
raghuveerdas.png,Raghuveer Das,9000000383
chahatsharma.png,Chahat Sharma,9000000416
jasmitbindra.png,Jasmit Bindra,9000000375
eshakakar.png,Esha Kakar,9000000252
bhavyamohan.png,Bhavya Mohan,9000000368
ovaiskhan.png,Ovais Khan,9000000238
jayantvaid.png,Jayant Vaid,9000000399
pratimasethi.png,Pratima Sethi,9000000239
smritikhanna.png,Smriti Khanna,9000000266
diptikhosla.png,Dipti Khosla,9000000441
jasminsinha.png,Jasmin Sinha,9000000233
tanyagrewal.png,Tanya Grewal,9000000433
ektakohli.png,Ekta Kohli,9000000228
gurdeepdhillon.png,Gurdeep Dhillon,9000000302
walishaikh.png,Wali Shaikh,9000000246
yoginipinto.png,Yogini Pinto,9000000437
ferozgani.png,Feroz Gani,9000000277
waseemshafi.png,Waseem Shafi,9000000388
rahulvashi.png,Rahul Vashi,9000000265
sanyamehra.png,Sanya Mehra,9000000361
deepanshutrehan.png,Deepanshu Trehan,9000000417
indranilbhatt.png,Indranil Bhatt,9000000446
eshwarrao.png,Eshwar Rao,9000000300
paramsingh.png,Param Singh,9000000311
eshakansal.png,Esha Kansal,9000000324
fardeenmehrotra.png,Fardeen Mehrotra,9000000395
manavgupta.png,Manav Gupta,9000000356
rashmibeta.png,rashmi beta,9000000449
elinachacko.png,Elina Chacko,9000000370
abhaytalwar.png,Abhay Talwar,9000000390
gitachawla.png,Gita Chawla,9000000254
medhadave.png,Medha Dave,9000000308
tushitasrivastava.png,Tushita Srivastava,9000000339
nishanair.png,Nisha Nair,9000000309
tanishadua.png,Tanisha Dua,9000000315
wamilmalhotra.png,Wamil Malhotra,9000000412
vijetakaur.png,Vijeta Kaur,9000000317
qudsiaalam.png,Qudsia Alam,9000000240
yashaswisawant.png,Yashaswi Sawant,9000000295
hemanipaul.png,Hemani Paul,9000000421
guneetchawla.png,Guneet Chawla,9000000326
firozpathan.png,Firoz Pathan,9000000325
kavindrasaxena.png,Kavindra Saxena,9000000376
lavishaseth.png,Lavisha Seth,9000000235
lalitnarayan.png,Lalit Narayan,9000000259
tanmayparekh.png,Tanmay Parekh,9000000267
baadalray.png,Baadal Ray,9000000415
rakshagadre.png,Raksha Gadre,9000000360
yamininaik.png,Yamini Naik,9000000389
ishwardixit.png,Ishwar Dixit,9000000352
akankshasahu.png,Akanksha Sahu,9000000248
yaminikalra.png,Yamini Kalra,9000000271
fayazsheikh.png,Fayaz Sheikh,9000000253
vidushidhamija.png,Vidushi Dhamija,9000000435
wahidsheikh.png,Wahid Sheikh,9000000294
rajatjindal.png,Rajat Jindal,9000000241
khusbooyadav.png,Khusboo Yadav,9000000258
ojasvichopra.png,Ojasvi Chopra,9000000404
devyanisingh.png,Devyani Singh,9000000347
vimalthakur.png,Vimal Thakur,9000000269
bharavirawal.png,Bharavi Rawal,9000000391
ojaswinishetty.png,Ojaswini Shetty,9000000380
hemlatahemraj.png,Hemlata Hemraj,9000000351
shanayaluthra.png,Shanaya Luthra,9000000384
adityasinha.png,Aditya Sinha,9000000272
jivikadixit.png,Jivika Dixit,9000000447
jaspreetlohia.png,Jaspreet Lohia,9000000281
keyasrinivasan.png,Keya Srinivasan,9000000424
gauripatil.png,Gauri Patil,9000000230
himadrimukherjee.png,Himadri Mukherjee,9000000397
qutubali.png,Qutub Ali,9000000336
lavleenduggal.png,Lavleen Duggal,9000000377
ikraamsethi.png,Ikraam Sethi,9000000422
qaizshaikh.png,Qaiz Shaikh,9000000406
sahilbandhu.png,Sahil Bandhu,9000000290
ruhidhir.png,Ruhi Dhir,9000000431
naveenarao.png,Naveena Rao,9000000357
utkarshasondhi.png,Utkarsha Sondhi,9000000410
ranveerwadhwa.png,Ranveer Wadhwa,9000000337
dhanyamenon.png,Dhanya Menon,9000000299
charviupadhyay.png,Charvi Upadhyay,9000000298
bipinmittal.png,Bipin Mittal,9000000297
oorjabhattacharjee.png,Oorja Bhattacharjee,9000000428
udeepaasthana.png,Udeepa Asthana,9000000386
chiranjivivyas.png,Chiranjivi Vyas,9000000440
harshadparekh.png,Harshad Parekh,9000000279
